-- phpMyAdmin SQL Dump
-- version 4.3.8
-- http://www.phpmyadmin.net
--
-- Host: localhost
-- Generation Time: Feb 22, 2017 at 12:28 AM
-- Server version: 5.5.51-38.2
-- PHP Version: 5.4.31

SET SQL_MODE = "NO_AUTO_VALUE_ON_ZERO";
SET time_zone = "+00:00";


/*!40101 SET @OLD_CHARACTER_SET_CLIENT=@@CHARACTER_SET_CLIENT */;
/*!40101 SET @OLD_CHARACTER_SET_RESULTS=@@CHARACTER_SET_RESULTS */;
/*!40101 SET @OLD_COLLATION_CONNECTION=@@COLLATION_CONNECTION */;
/*!40101 SET NAMES utf8 */;

--
-- Database: `limiting_lapp`
--

-- --------------------------------------------------------

--
-- Table structure for table `migrations`
--

CREATE TABLE IF NOT EXISTS `migrations` (
  `migration` varchar(255) COLLATE utf8_unicode_ci NOT NULL,
  `batch` int(11) NOT NULL
) ENGINE=InnoDB DEFAULT CHARSET=utf8 COLLATE=utf8_unicode_ci;

--
-- Dumping data for table `migrations`
--

INSERT INTO `migrations` (`migration`, `batch`) VALUES
('2016_03_07_095216_create_users_table', 1),
('2016_03_07_095821_create_password_reminders_table', 1),
('2016_03_09_123128_create_vineyard_table', 2),
('2016_03_09_124049_create_wine_table', 3);

-- --------------------------------------------------------

--
-- Table structure for table `options`
--

CREATE TABLE IF NOT EXISTS `options` (
  `id` int(10) unsigned NOT NULL,
  `user_id` int(10) unsigned DEFAULT NULL,
  `key` varchar(64) COLLATE utf8_unicode_ci NOT NULL,
  `value` varchar(255) COLLATE utf8_unicode_ci NOT NULL,
  `created_at` timestamp NOT NULL DEFAULT '0000-00-00 00:00:00',
  `updated_at` timestamp NOT NULL DEFAULT '0000-00-00 00:00:00'
) ENGINE=InnoDB AUTO_INCREMENT=28 DEFAULT CHARSET=utf8 COLLATE=utf8_unicode_ci;

--
-- Dumping data for table `options`
--

INSERT INTO `options` (`id`, `user_id`, `key`, `value`, `created_at`, `updated_at`) VALUES
(13, NULL, 'map_center_lat', '9.468565903657398', '0000-00-00 00:00:00', '0000-00-00 00:00:00'),
(14, NULL, 'map_center_lng', '-53.66564970463514', '0000-00-00 00:00:00', '0000-00-00 00:00:00'),
(15, NULL, 'map_center_zoom', '3', '0000-00-00 00:00:00', '0000-00-00 00:00:00'),
(16, 1, 'map_center_lat', '-33.124673785416384', '2016-04-20 21:42:11', '2016-04-20 21:42:11'),
(17, 1, 'map_center_lng', '-68.18005431443453', '2016-04-20 21:42:11', '2016-04-20 21:42:11'),
(18, 1, 'map_center_zoom', '6', '2016-04-20 21:42:11', '2016-04-20 21:42:11'),
(19, 12, 'map_center_lat', '39.61360766365186', '2016-04-20 22:58:58', '2016-04-21 11:38:14'),
(20, 12, 'map_center_lng', '-82.25212727584506', '2016-04-20 22:58:58', '2016-04-21 11:38:14'),
(21, 12, 'map_center_zoom', '4', '2016-04-20 22:58:58', '2016-04-20 23:00:35'),
(22, 27, 'map_center_lat', '43.19015771891522', '2017-01-24 12:12:15', '2017-01-24 12:36:57'),
(23, 27, 'map_center_lng', '-1.3971028347552705', '2017-01-24 12:12:15', '2017-01-24 12:36:57'),
(24, 27, 'map_center_zoom', '3', '2017-01-24 12:12:15', '2017-01-24 12:36:57'),
(25, 3, 'map_center_lat', '11.473963526529905', '2017-01-27 03:26:26', '2017-01-30 00:01:26'),
(26, 3, 'map_center_lng', '-61.079792814115194', '2017-01-27 03:26:26', '2017-01-30 00:01:26'),
(27, 3, 'map_center_zoom', '2', '2017-01-27 03:26:26', '2017-01-30 00:01:26');

-- --------------------------------------------------------

--
-- Table structure for table `password_reminders`
--

CREATE TABLE IF NOT EXISTS `password_reminders` (
  `email` varchar(255) COLLATE utf8_unicode_ci NOT NULL,
  `token` varchar(255) COLLATE utf8_unicode_ci NOT NULL,
  `created_at` timestamp NOT NULL DEFAULT '0000-00-00 00:00:00'
) ENGINE=InnoDB DEFAULT CHARSET=utf8 COLLATE=utf8_unicode_ci;

--
-- Dumping data for table `password_reminders`
--

INSERT INTO `password_reminders` (`email`, `token`, `created_at`) VALUES
('lukaszewiczp@gmail.com', 'f05ae19fcacfa76c2ee2419687cf8c748b535c59', '2016-03-10 19:23:50');

-- --------------------------------------------------------

--
-- Table structure for table `users`
--

CREATE TABLE IF NOT EXISTS `users` (
  `id` int(10) unsigned NOT NULL,
  `email` varchar(64) COLLATE utf8_unicode_ci NOT NULL,
  `password` varchar(64) COLLATE utf8_unicode_ci NOT NULL,
  `role` enum('1','2','3') COLLATE utf8_unicode_ci NOT NULL,
  `remember_token` varchar(128) COLLATE utf8_unicode_ci NOT NULL,
  `confirmed` tinyint(1) NOT NULL DEFAULT '0',
  `last_login` datetime NOT NULL,
  `created_at` timestamp NOT NULL DEFAULT '0000-00-00 00:00:00',
  `updated_at` timestamp NOT NULL DEFAULT '0000-00-00 00:00:00'
) ENGINE=InnoDB AUTO_INCREMENT=28 DEFAULT CHARSET=utf8 COLLATE=utf8_unicode_ci;

--
-- Dumping data for table `users`
--

INSERT INTO `users` (`id`, `email`, `password`, `role`, `remember_token`, `confirmed`, `last_login`, `created_at`, `updated_at`) VALUES
(1, 'lukaszewiczp@gmail.com', '$2y$10$Lay0ECzF7Y1kgcboLxjT9eNkyHzHZVN7W8ceV/bsJiBzB7IvWndFm', '3', '79ujIvYtqtSFXpBvkiWsEg5vjYOxGawbGqbuV8n4zrE0UrLv53N0eyGhAfM8', 1, '2016-04-20 16:41:46', '2016-03-08 07:27:28', '2017-01-23 03:32:00'),
(3, 'onemileabovesea@gmail.com', '$2y$10$FLFKOc3Zyvx2Rvur4nf.Zuk8IzswuDgbXWNsXw1GqDYkJXYQ5FUmy', '1', 'apKwUjCL44vZ0MDZefkuCfzj4y4p6oKTu84QP6Te3z6e9omXM6fLFqdEhBGc', 1, '2017-02-01 22:36:33', '2016-03-10 19:16:53', '2017-02-02 04:36:33'),
(4, 'lukaszewicz.p@gmail.com', '$2y$10$2JJCDHutVchn6Jp.NnYsgucI5maL/DE3syVAIt89.nyS.hEi68R/2', '3', 'bdMPpwR1pmeThbYYp7WqjRlFByDDurMuKzqu8ZtLcRFE3tuwPWEWAjSV9XQ0', 1, '2016-04-13 16:17:56', '2016-03-10 19:24:56', '2016-04-13 21:17:56'),
(5, 'stephanos.germenis@gmail.com', '$2y$10$KKESi6XGJxHVdk9BtCQJWuLMHy8vGBDvYVcwwD0Yizv5IZOZ01Uku', '3', 'mp2nXSXCbdWfCqMg888nyzQOsSAp3mnvNEUTbx46Iz7Nd1OOISLWkEjl6Amp', 1, '2016-04-20 21:37:14', '2016-04-05 03:10:34', '2016-04-21 02:37:14'),
(6, 'joshuafraymond@gmail.com', '$2y$10$e5IjC5cj.arIAOmryxxYQunzuxN6AfqA4ImkWCwOiHdbb7f.qZFem', '3', '', 1, '0000-00-00 00:00:00', '2016-04-14 02:09:19', '2016-04-14 02:09:19'),
(7, 'kerikobal@gmail.com', '$2y$10$2GCHLLkG0OXMTCPBXWBdQeVg9/jO7XRRMA6iUo44DQ.z/E.vfRSt.', '3', '', 1, '0000-00-00 00:00:00', '2016-04-14 02:09:57', '2016-04-14 02:09:57'),
(8, 'bfxr007@gmail.com', '$2y$10$7JCnwb5DDZ7G7fgiBLy07e0YIzaJ1V4.Ln6N236NiLdj6meIq8/0G', '3', '', 1, '0000-00-00 00:00:00', '2016-04-14 02:10:38', '2016-04-14 02:10:38'),
(9, 'kobalm@comcast.net', '$2y$10$YH.BLggDttrKZ6d7T.xck.823b7xuC9bCzoQvpNEXmNA5UYwlgJa.', '3', '', 1, '0000-00-00 00:00:00', '2016-04-14 02:15:56', '2016-04-14 02:15:56'),
(10, 'akoshea@gmail.com', '$2y$10$pzUAUZzaS/UKKDrFpqDDUOui29fq5r5P1T42GsIeoIGMdCSzgBUQS', '3', '', 1, '0000-00-00 00:00:00', '2016-04-14 02:16:35', '2016-04-14 02:16:35'),
(11, 'zemanovicovaja@gmail.com', '$2y$10$1E/3oQerxRQ1OUVAyj2Gwun/yey7ZENL0ChkZvG29VpmTbH0MKmYm', '3', 'ADdxfCjeIKV47ymJtUPV73N4AdfWCPifgXJVysGY6BqBhfu8RXIEerXMBzYz', 1, '2016-04-24 16:24:20', '2016-04-14 02:17:37', '2016-04-24 21:24:20'),
(12, 'onemileabovesea2@gmail.com', '$2y$10$DS1PQvWS39gwY97Od4nuZeRS/PS8oBKWSqiRlCUckMIXRdlZ.bwvy', '3', 'GCX0OIfzvMNM1KFX6s0wyChrdo1AyKBiM2XZC467xblMPCP9mriyTa7SbtTz', 1, '2016-04-21 21:46:42', '2016-04-14 02:56:50', '2016-04-22 02:52:25'),
(13, 'kdeautremont@eksh.com', '$2y$10$BRBL2qfMbhLrsnUr3iU8sONbjG2vcl6sKq6XsP2Lgg3GFa9crRr3S', '3', '', 1, '0000-00-00 00:00:00', '2016-04-14 03:20:52', '2016-04-14 03:20:52'),
(14, 'dfoote@eksh.com', '$2y$10$uXE7bKY3f.hveoYJR/3dSu670rMWGShU97Ub2LlcmLJle1j8L59IK', '3', '', 1, '0000-00-00 00:00:00', '2016-04-14 03:21:21', '2016-04-14 03:21:21'),
(15, 'vangelis_koustas@yahoo.co.uk', '$2y$10$ziw6ZjoYMD4OWz.RKbiTL.XxKaKBbQEHox.P/pPa317q9MWuGPdhe', '3', '', 1, '0000-00-00 00:00:00', '2016-04-14 03:21:54', '2016-04-14 03:21:54'),
(16, 'sergio.ataz@gmail.com', '$2y$10$f7WNOMjZ.7LDg8OmleybuuBfTCqjfbcINkoX21ofpuss8SIot/Tla', '3', '', 1, '0000-00-00 00:00:00', '2016-04-14 03:22:42', '2016-04-14 03:22:42'),
(17, 'alex@covve.com', '$2y$10$5ltvRNWQWG2FeBgqyPWoFOuSn2kzT8I/nQXRTZMlsjhgUfPFhkjJy', '3', '', 1, '0000-00-00 00:00:00', '2016-04-14 03:23:07', '2016-04-14 03:23:07'),
(18, 'bushmat1@gmail.com', '$2y$10$L7b3/Y3COBenMfZ.ctIGDuieTWkwimgMeJf1NWLGzFle5M8FPz2M2', '3', '', 1, '0000-00-00 00:00:00', '2016-04-14 03:24:06', '2016-04-14 03:24:06'),
(19, 'norm.cauntay@gmail.com', '$2y$10$hjWEMG78b2iIu.fgvTwJlOvlYjIHtF.i.SgmqVOxgEl9Zb/PKJ8j.', '3', '', 1, '0000-00-00 00:00:00', '2016-04-14 03:24:36', '2016-04-14 03:24:36'),
(20, 'rgupta0@gmail.com', '$2y$10$rG5tTOQsEPuKYWzMqr.Di.drxSDZbbOm.2e02AsxG0NnTKooISxMC', '3', '', 1, '0000-00-00 00:00:00', '2016-04-14 03:25:04', '2016-04-14 03:25:04'),
(21, 'mikeisen21@gmail.com', '$2y$10$VfXzX838xGahOdQLxRvN8Ox.snXU8PMN.Bj98/sw5xb6xBZjjt8Ru', '3', '', 1, '0000-00-00 00:00:00', '2016-04-14 03:25:33', '2016-04-14 03:25:33'),
(22, 'gierlof.edyta@gmail.com', '$2y$10$6RqCXok0LTsXevJdZ9KSVuc7uU60BtQFz6B73C1dNgxRaMeXgVnx2', '3', '', 1, '0000-00-00 00:00:00', '2016-04-14 03:25:58', '2016-04-14 03:25:58'),
(23, 'jessica@recoverywarriors.com', '$2y$10$4MMWXOPrGFKen56LA9dDpuDx5xuLsakIwPR1gewt2EAPM1P81LEKy', '3', '', 1, '0000-00-00 00:00:00', '2016-04-14 03:26:25', '2016-04-14 03:26:25'),
(24, 'parismob@optic-cosmos.gr', '$2y$10$nggPpIrfgDb36dYAbvDasun/L8Pff.y6hf/nuQW.JJQd1JIxEzfhO', '3', '', 1, '0000-00-00 00:00:00', '2016-04-14 03:26:52', '2016-04-14 03:26:52'),
(25, 'c_ramos01@yahoo.com', '$2y$10$dl2Hl7RWdGM5jhnFaict8eeH09TbyulPWinEhHtfOOyPNV/Le7Yn6', '3', '', 1, '0000-00-00 00:00:00', '2016-04-14 03:27:17', '2016-04-14 03:27:17'),
(26, 'nikol.jiru@seznam.cz', '$2y$10$kXrDjCb1398ETdh0MNGtNef6I8F8B2lrfTrGPQFH2NS30xUIbI91a', '3', 'dTGJPCdHQUjfGTalrKsmbs2cj9Szlg8vsbfGE5bRvDK46anM6sZhoKoa05X6', 1, '2016-05-02 23:48:19', '2016-05-01 05:46:04', '2017-01-23 03:30:11'),
(27, 'demo@limitingresource.com', '$2y$10$yJRHGQkClT6umJ4endHDCubGbABpvRakOK6rp1g5U1gjJTh7eUP7q', '3', '9hs1vnzwl7umYhlSMfzDV1cP5ofdUVowdQfavNN0GatkcbRRiq8Pw2PrTQR7', 1, '2017-02-21 18:20:20', '2017-01-23 04:29:12', '2017-02-22 00:20:20');

-- --------------------------------------------------------

--
-- Table structure for table `user_wine`
--

CREATE TABLE IF NOT EXISTS `user_wine` (
  `user_id` int(10) unsigned DEFAULT NULL,
  `wine_id` int(10) unsigned DEFAULT NULL,
  `created_at` timestamp NOT NULL DEFAULT '0000-00-00 00:00:00',
  `updated_at` timestamp NOT NULL DEFAULT '0000-00-00 00:00:00'
) ENGINE=InnoDB DEFAULT CHARSET=utf8 COLLATE=utf8_unicode_ci;

--
-- Dumping data for table `user_wine`
--

INSERT INTO `user_wine` (`user_id`, `wine_id`, `created_at`, `updated_at`) VALUES
(4, 7, '0000-00-00 00:00:00', '0000-00-00 00:00:00'),
(4, 3, '0000-00-00 00:00:00', '0000-00-00 00:00:00'),
(5, 3, '0000-00-00 00:00:00', '0000-00-00 00:00:00'),
(5, 8, '0000-00-00 00:00:00', '0000-00-00 00:00:00'),
(4, 10, '0000-00-00 00:00:00', '0000-00-00 00:00:00'),
(5, 10, '0000-00-00 00:00:00', '0000-00-00 00:00:00'),
(6, 10, '0000-00-00 00:00:00', '0000-00-00 00:00:00'),
(7, 10, '0000-00-00 00:00:00', '0000-00-00 00:00:00'),
(8, 10, '0000-00-00 00:00:00', '0000-00-00 00:00:00'),
(9, 10, '0000-00-00 00:00:00', '0000-00-00 00:00:00'),
(10, 10, '0000-00-00 00:00:00', '0000-00-00 00:00:00'),
(11, 10, '0000-00-00 00:00:00', '0000-00-00 00:00:00'),
(12, 10, '0000-00-00 00:00:00', '0000-00-00 00:00:00'),
(13, 10, '0000-00-00 00:00:00', '0000-00-00 00:00:00'),
(14, 10, '0000-00-00 00:00:00', '0000-00-00 00:00:00'),
(15, 10, '0000-00-00 00:00:00', '0000-00-00 00:00:00'),
(16, 10, '0000-00-00 00:00:00', '0000-00-00 00:00:00'),
(17, 10, '0000-00-00 00:00:00', '0000-00-00 00:00:00'),
(18, 10, '0000-00-00 00:00:00', '0000-00-00 00:00:00'),
(19, 10, '0000-00-00 00:00:00', '0000-00-00 00:00:00'),
(20, 10, '0000-00-00 00:00:00', '0000-00-00 00:00:00'),
(21, 10, '0000-00-00 00:00:00', '0000-00-00 00:00:00'),
(22, 10, '0000-00-00 00:00:00', '0000-00-00 00:00:00'),
(23, 10, '0000-00-00 00:00:00', '0000-00-00 00:00:00'),
(24, 10, '0000-00-00 00:00:00', '0000-00-00 00:00:00'),
(25, 10, '0000-00-00 00:00:00', '0000-00-00 00:00:00'),
(4, 11, '0000-00-00 00:00:00', '0000-00-00 00:00:00'),
(5, 11, '0000-00-00 00:00:00', '0000-00-00 00:00:00'),
(6, 11, '0000-00-00 00:00:00', '0000-00-00 00:00:00'),
(7, 11, '0000-00-00 00:00:00', '0000-00-00 00:00:00'),
(8, 11, '0000-00-00 00:00:00', '0000-00-00 00:00:00'),
(9, 11, '0000-00-00 00:00:00', '0000-00-00 00:00:00'),
(10, 11, '0000-00-00 00:00:00', '0000-00-00 00:00:00'),
(11, 11, '0000-00-00 00:00:00', '0000-00-00 00:00:00'),
(12, 11, '0000-00-00 00:00:00', '0000-00-00 00:00:00'),
(13, 11, '0000-00-00 00:00:00', '0000-00-00 00:00:00'),
(14, 11, '0000-00-00 00:00:00', '0000-00-00 00:00:00'),
(15, 11, '0000-00-00 00:00:00', '0000-00-00 00:00:00'),
(16, 11, '0000-00-00 00:00:00', '0000-00-00 00:00:00'),
(17, 11, '0000-00-00 00:00:00', '0000-00-00 00:00:00'),
(18, 11, '0000-00-00 00:00:00', '0000-00-00 00:00:00'),
(19, 11, '0000-00-00 00:00:00', '0000-00-00 00:00:00'),
(20, 11, '0000-00-00 00:00:00', '0000-00-00 00:00:00'),
(21, 11, '0000-00-00 00:00:00', '0000-00-00 00:00:00'),
(22, 11, '0000-00-00 00:00:00', '0000-00-00 00:00:00'),
(23, 11, '0000-00-00 00:00:00', '0000-00-00 00:00:00'),
(24, 11, '0000-00-00 00:00:00', '0000-00-00 00:00:00'),
(25, 11, '0000-00-00 00:00:00', '0000-00-00 00:00:00'),
(4, 12, '0000-00-00 00:00:00', '0000-00-00 00:00:00'),
(5, 12, '0000-00-00 00:00:00', '0000-00-00 00:00:00'),
(6, 12, '0000-00-00 00:00:00', '0000-00-00 00:00:00'),
(7, 12, '0000-00-00 00:00:00', '0000-00-00 00:00:00'),
(8, 12, '0000-00-00 00:00:00', '0000-00-00 00:00:00'),
(9, 12, '0000-00-00 00:00:00', '0000-00-00 00:00:00'),
(10, 12, '0000-00-00 00:00:00', '0000-00-00 00:00:00'),
(11, 12, '0000-00-00 00:00:00', '0000-00-00 00:00:00'),
(12, 12, '0000-00-00 00:00:00', '0000-00-00 00:00:00'),
(13, 12, '0000-00-00 00:00:00', '0000-00-00 00:00:00'),
(14, 12, '0000-00-00 00:00:00', '0000-00-00 00:00:00'),
(15, 12, '0000-00-00 00:00:00', '0000-00-00 00:00:00'),
(16, 12, '0000-00-00 00:00:00', '0000-00-00 00:00:00'),
(17, 12, '0000-00-00 00:00:00', '0000-00-00 00:00:00'),
(18, 12, '0000-00-00 00:00:00', '0000-00-00 00:00:00'),
(19, 12, '0000-00-00 00:00:00', '0000-00-00 00:00:00'),
(20, 12, '0000-00-00 00:00:00', '0000-00-00 00:00:00'),
(21, 12, '0000-00-00 00:00:00', '0000-00-00 00:00:00'),
(22, 12, '0000-00-00 00:00:00', '0000-00-00 00:00:00'),
(23, 12, '0000-00-00 00:00:00', '0000-00-00 00:00:00'),
(24, 12, '0000-00-00 00:00:00', '0000-00-00 00:00:00'),
(25, 12, '0000-00-00 00:00:00', '0000-00-00 00:00:00'),
(4, 13, '0000-00-00 00:00:00', '0000-00-00 00:00:00'),
(5, 13, '0000-00-00 00:00:00', '0000-00-00 00:00:00'),
(6, 13, '0000-00-00 00:00:00', '0000-00-00 00:00:00'),
(7, 13, '0000-00-00 00:00:00', '0000-00-00 00:00:00'),
(8, 13, '0000-00-00 00:00:00', '0000-00-00 00:00:00'),
(9, 13, '0000-00-00 00:00:00', '0000-00-00 00:00:00'),
(10, 13, '0000-00-00 00:00:00', '0000-00-00 00:00:00'),
(11, 13, '0000-00-00 00:00:00', '0000-00-00 00:00:00'),
(12, 13, '0000-00-00 00:00:00', '0000-00-00 00:00:00'),
(13, 13, '0000-00-00 00:00:00', '0000-00-00 00:00:00'),
(14, 13, '0000-00-00 00:00:00', '0000-00-00 00:00:00'),
(15, 13, '0000-00-00 00:00:00', '0000-00-00 00:00:00'),
(16, 13, '0000-00-00 00:00:00', '0000-00-00 00:00:00'),
(17, 13, '0000-00-00 00:00:00', '0000-00-00 00:00:00'),
(18, 13, '0000-00-00 00:00:00', '0000-00-00 00:00:00'),
(19, 13, '0000-00-00 00:00:00', '0000-00-00 00:00:00'),
(20, 13, '0000-00-00 00:00:00', '0000-00-00 00:00:00'),
(21, 13, '0000-00-00 00:00:00', '0000-00-00 00:00:00'),
(22, 13, '0000-00-00 00:00:00', '0000-00-00 00:00:00'),
(23, 13, '0000-00-00 00:00:00', '0000-00-00 00:00:00'),
(24, 13, '0000-00-00 00:00:00', '0000-00-00 00:00:00'),
(25, 13, '0000-00-00 00:00:00', '0000-00-00 00:00:00'),
(4, 14, '0000-00-00 00:00:00', '0000-00-00 00:00:00'),
(5, 14, '0000-00-00 00:00:00', '0000-00-00 00:00:00'),
(6, 14, '0000-00-00 00:00:00', '0000-00-00 00:00:00'),
(7, 14, '0000-00-00 00:00:00', '0000-00-00 00:00:00'),
(8, 14, '0000-00-00 00:00:00', '0000-00-00 00:00:00'),
(9, 14, '0000-00-00 00:00:00', '0000-00-00 00:00:00'),
(10, 14, '0000-00-00 00:00:00', '0000-00-00 00:00:00'),
(11, 14, '0000-00-00 00:00:00', '0000-00-00 00:00:00'),
(12, 14, '0000-00-00 00:00:00', '0000-00-00 00:00:00'),
(13, 14, '0000-00-00 00:00:00', '0000-00-00 00:00:00'),
(14, 14, '0000-00-00 00:00:00', '0000-00-00 00:00:00'),
(15, 14, '0000-00-00 00:00:00', '0000-00-00 00:00:00'),
(16, 14, '0000-00-00 00:00:00', '0000-00-00 00:00:00'),
(17, 14, '0000-00-00 00:00:00', '0000-00-00 00:00:00'),
(18, 14, '0000-00-00 00:00:00', '0000-00-00 00:00:00'),
(19, 14, '0000-00-00 00:00:00', '0000-00-00 00:00:00'),
(20, 14, '0000-00-00 00:00:00', '0000-00-00 00:00:00'),
(21, 14, '0000-00-00 00:00:00', '0000-00-00 00:00:00'),
(22, 14, '0000-00-00 00:00:00', '0000-00-00 00:00:00'),
(23, 14, '0000-00-00 00:00:00', '0000-00-00 00:00:00'),
(24, 14, '0000-00-00 00:00:00', '0000-00-00 00:00:00'),
(25, 14, '0000-00-00 00:00:00', '0000-00-00 00:00:00'),
(4, 15, '0000-00-00 00:00:00', '0000-00-00 00:00:00'),
(5, 15, '0000-00-00 00:00:00', '0000-00-00 00:00:00'),
(6, 15, '0000-00-00 00:00:00', '0000-00-00 00:00:00'),
(7, 15, '0000-00-00 00:00:00', '0000-00-00 00:00:00'),
(8, 15, '0000-00-00 00:00:00', '0000-00-00 00:00:00'),
(9, 15, '0000-00-00 00:00:00', '0000-00-00 00:00:00'),
(10, 15, '0000-00-00 00:00:00', '0000-00-00 00:00:00'),
(11, 15, '0000-00-00 00:00:00', '0000-00-00 00:00:00'),
(12, 15, '0000-00-00 00:00:00', '0000-00-00 00:00:00'),
(13, 15, '0000-00-00 00:00:00', '0000-00-00 00:00:00'),
(14, 15, '0000-00-00 00:00:00', '0000-00-00 00:00:00'),
(15, 15, '0000-00-00 00:00:00', '0000-00-00 00:00:00'),
(16, 15, '0000-00-00 00:00:00', '0000-00-00 00:00:00'),
(17, 15, '0000-00-00 00:00:00', '0000-00-00 00:00:00'),
(18, 15, '0000-00-00 00:00:00', '0000-00-00 00:00:00'),
(19, 15, '0000-00-00 00:00:00', '0000-00-00 00:00:00'),
(20, 15, '0000-00-00 00:00:00', '0000-00-00 00:00:00'),
(21, 15, '0000-00-00 00:00:00', '0000-00-00 00:00:00'),
(22, 15, '0000-00-00 00:00:00', '0000-00-00 00:00:00'),
(23, 15, '0000-00-00 00:00:00', '0000-00-00 00:00:00'),
(24, 15, '0000-00-00 00:00:00', '0000-00-00 00:00:00'),
(25, 15, '0000-00-00 00:00:00', '0000-00-00 00:00:00'),
(4, 17, '0000-00-00 00:00:00', '0000-00-00 00:00:00'),
(5, 17, '0000-00-00 00:00:00', '0000-00-00 00:00:00'),
(6, 17, '0000-00-00 00:00:00', '0000-00-00 00:00:00'),
(7, 17, '0000-00-00 00:00:00', '0000-00-00 00:00:00'),
(8, 17, '0000-00-00 00:00:00', '0000-00-00 00:00:00'),
(9, 17, '0000-00-00 00:00:00', '0000-00-00 00:00:00'),
(10, 17, '0000-00-00 00:00:00', '0000-00-00 00:00:00'),
(11, 17, '0000-00-00 00:00:00', '0000-00-00 00:00:00'),
(12, 17, '0000-00-00 00:00:00', '0000-00-00 00:00:00'),
(13, 17, '0000-00-00 00:00:00', '0000-00-00 00:00:00'),
(14, 17, '0000-00-00 00:00:00', '0000-00-00 00:00:00'),
(15, 17, '0000-00-00 00:00:00', '0000-00-00 00:00:00'),
(16, 17, '0000-00-00 00:00:00', '0000-00-00 00:00:00'),
(17, 17, '0000-00-00 00:00:00', '0000-00-00 00:00:00'),
(18, 17, '0000-00-00 00:00:00', '0000-00-00 00:00:00'),
(19, 17, '0000-00-00 00:00:00', '0000-00-00 00:00:00'),
(20, 17, '0000-00-00 00:00:00', '0000-00-00 00:00:00'),
(21, 17, '0000-00-00 00:00:00', '0000-00-00 00:00:00'),
(22, 17, '0000-00-00 00:00:00', '0000-00-00 00:00:00'),
(23, 17, '0000-00-00 00:00:00', '0000-00-00 00:00:00'),
(24, 17, '0000-00-00 00:00:00', '0000-00-00 00:00:00'),
(25, 17, '0000-00-00 00:00:00', '0000-00-00 00:00:00'),
(5, 18, '0000-00-00 00:00:00', '0000-00-00 00:00:00'),
(4, 18, '0000-00-00 00:00:00', '0000-00-00 00:00:00'),
(6, 18, '0000-00-00 00:00:00', '0000-00-00 00:00:00'),
(7, 18, '0000-00-00 00:00:00', '0000-00-00 00:00:00'),
(8, 18, '0000-00-00 00:00:00', '0000-00-00 00:00:00'),
(9, 18, '0000-00-00 00:00:00', '0000-00-00 00:00:00'),
(10, 18, '0000-00-00 00:00:00', '0000-00-00 00:00:00'),
(11, 18, '0000-00-00 00:00:00', '0000-00-00 00:00:00'),
(12, 18, '0000-00-00 00:00:00', '0000-00-00 00:00:00'),
(13, 18, '0000-00-00 00:00:00', '0000-00-00 00:00:00'),
(14, 18, '0000-00-00 00:00:00', '0000-00-00 00:00:00'),
(15, 18, '0000-00-00 00:00:00', '0000-00-00 00:00:00'),
(16, 18, '0000-00-00 00:00:00', '0000-00-00 00:00:00'),
(17, 18, '0000-00-00 00:00:00', '0000-00-00 00:00:00'),
(18, 18, '0000-00-00 00:00:00', '0000-00-00 00:00:00'),
(19, 18, '0000-00-00 00:00:00', '0000-00-00 00:00:00'),
(20, 18, '0000-00-00 00:00:00', '0000-00-00 00:00:00'),
(21, 18, '0000-00-00 00:00:00', '0000-00-00 00:00:00'),
(22, 18, '0000-00-00 00:00:00', '0000-00-00 00:00:00'),
(23, 18, '0000-00-00 00:00:00', '0000-00-00 00:00:00'),
(24, 18, '0000-00-00 00:00:00', '0000-00-00 00:00:00'),
(25, 18, '0000-00-00 00:00:00', '0000-00-00 00:00:00'),
(4, 19, '0000-00-00 00:00:00', '0000-00-00 00:00:00'),
(5, 19, '0000-00-00 00:00:00', '0000-00-00 00:00:00'),
(6, 19, '0000-00-00 00:00:00', '0000-00-00 00:00:00'),
(7, 19, '0000-00-00 00:00:00', '0000-00-00 00:00:00'),
(8, 19, '0000-00-00 00:00:00', '0000-00-00 00:00:00'),
(9, 19, '0000-00-00 00:00:00', '0000-00-00 00:00:00'),
(10, 19, '0000-00-00 00:00:00', '0000-00-00 00:00:00'),
(11, 19, '0000-00-00 00:00:00', '0000-00-00 00:00:00'),
(12, 19, '0000-00-00 00:00:00', '0000-00-00 00:00:00'),
(13, 19, '0000-00-00 00:00:00', '0000-00-00 00:00:00'),
(14, 19, '0000-00-00 00:00:00', '0000-00-00 00:00:00'),
(15, 19, '0000-00-00 00:00:00', '0000-00-00 00:00:00'),
(16, 19, '0000-00-00 00:00:00', '0000-00-00 00:00:00'),
(17, 19, '0000-00-00 00:00:00', '0000-00-00 00:00:00'),
(18, 19, '0000-00-00 00:00:00', '0000-00-00 00:00:00'),
(19, 19, '0000-00-00 00:00:00', '0000-00-00 00:00:00'),
(20, 19, '0000-00-00 00:00:00', '0000-00-00 00:00:00'),
(21, 19, '0000-00-00 00:00:00', '0000-00-00 00:00:00'),
(22, 19, '0000-00-00 00:00:00', '0000-00-00 00:00:00'),
(23, 19, '0000-00-00 00:00:00', '0000-00-00 00:00:00'),
(24, 19, '0000-00-00 00:00:00', '0000-00-00 00:00:00'),
(25, 19, '0000-00-00 00:00:00', '0000-00-00 00:00:00'),
(4, 20, '0000-00-00 00:00:00', '0000-00-00 00:00:00'),
(5, 20, '0000-00-00 00:00:00', '0000-00-00 00:00:00'),
(6, 20, '0000-00-00 00:00:00', '0000-00-00 00:00:00'),
(7, 20, '0000-00-00 00:00:00', '0000-00-00 00:00:00'),
(8, 20, '0000-00-00 00:00:00', '0000-00-00 00:00:00'),
(9, 20, '0000-00-00 00:00:00', '0000-00-00 00:00:00'),
(10, 20, '0000-00-00 00:00:00', '0000-00-00 00:00:00'),
(11, 20, '0000-00-00 00:00:00', '0000-00-00 00:00:00'),
(12, 20, '0000-00-00 00:00:00', '0000-00-00 00:00:00'),
(13, 20, '0000-00-00 00:00:00', '0000-00-00 00:00:00'),
(14, 20, '0000-00-00 00:00:00', '0000-00-00 00:00:00'),
(15, 20, '0000-00-00 00:00:00', '0000-00-00 00:00:00'),
(16, 20, '0000-00-00 00:00:00', '0000-00-00 00:00:00'),
(17, 20, '0000-00-00 00:00:00', '0000-00-00 00:00:00'),
(18, 20, '0000-00-00 00:00:00', '0000-00-00 00:00:00'),
(19, 20, '0000-00-00 00:00:00', '0000-00-00 00:00:00'),
(20, 20, '0000-00-00 00:00:00', '0000-00-00 00:00:00'),
(21, 20, '0000-00-00 00:00:00', '0000-00-00 00:00:00'),
(22, 20, '0000-00-00 00:00:00', '0000-00-00 00:00:00'),
(23, 20, '0000-00-00 00:00:00', '0000-00-00 00:00:00'),
(24, 20, '0000-00-00 00:00:00', '0000-00-00 00:00:00'),
(25, 20, '0000-00-00 00:00:00', '0000-00-00 00:00:00'),
(1, 7, '0000-00-00 00:00:00', '0000-00-00 00:00:00'),
(5, 7, '0000-00-00 00:00:00', '0000-00-00 00:00:00'),
(6, 7, '0000-00-00 00:00:00', '0000-00-00 00:00:00'),
(7, 7, '0000-00-00 00:00:00', '0000-00-00 00:00:00'),
(8, 7, '0000-00-00 00:00:00', '0000-00-00 00:00:00'),
(9, 7, '0000-00-00 00:00:00', '0000-00-00 00:00:00'),
(10, 7, '0000-00-00 00:00:00', '0000-00-00 00:00:00'),
(11, 7, '0000-00-00 00:00:00', '0000-00-00 00:00:00'),
(12, 7, '0000-00-00 00:00:00', '0000-00-00 00:00:00'),
(13, 7, '0000-00-00 00:00:00', '0000-00-00 00:00:00'),
(14, 7, '0000-00-00 00:00:00', '0000-00-00 00:00:00'),
(15, 7, '0000-00-00 00:00:00', '0000-00-00 00:00:00'),
(16, 7, '0000-00-00 00:00:00', '0000-00-00 00:00:00'),
(17, 7, '0000-00-00 00:00:00', '0000-00-00 00:00:00'),
(18, 7, '0000-00-00 00:00:00', '0000-00-00 00:00:00'),
(19, 7, '0000-00-00 00:00:00', '0000-00-00 00:00:00'),
(20, 7, '0000-00-00 00:00:00', '0000-00-00 00:00:00'),
(21, 7, '0000-00-00 00:00:00', '0000-00-00 00:00:00'),
(22, 7, '0000-00-00 00:00:00', '0000-00-00 00:00:00'),
(23, 7, '0000-00-00 00:00:00', '0000-00-00 00:00:00'),
(24, 7, '0000-00-00 00:00:00', '0000-00-00 00:00:00'),
(25, 7, '0000-00-00 00:00:00', '0000-00-00 00:00:00'),
(26, 7, '0000-00-00 00:00:00', '0000-00-00 00:00:00'),
(27, 7, '0000-00-00 00:00:00', '0000-00-00 00:00:00'),
(1, 18, '0000-00-00 00:00:00', '0000-00-00 00:00:00'),
(26, 18, '0000-00-00 00:00:00', '0000-00-00 00:00:00'),
(27, 18, '0000-00-00 00:00:00', '0000-00-00 00:00:00'),
(1, 11, '0000-00-00 00:00:00', '0000-00-00 00:00:00'),
(26, 11, '0000-00-00 00:00:00', '0000-00-00 00:00:00'),
(27, 11, '0000-00-00 00:00:00', '0000-00-00 00:00:00'),
(1, 5, '0000-00-00 00:00:00', '0000-00-00 00:00:00'),
(4, 5, '0000-00-00 00:00:00', '0000-00-00 00:00:00'),
(5, 5, '0000-00-00 00:00:00', '0000-00-00 00:00:00'),
(6, 5, '0000-00-00 00:00:00', '0000-00-00 00:00:00'),
(7, 5, '0000-00-00 00:00:00', '0000-00-00 00:00:00'),
(8, 5, '0000-00-00 00:00:00', '0000-00-00 00:00:00'),
(9, 5, '0000-00-00 00:00:00', '0000-00-00 00:00:00'),
(10, 5, '0000-00-00 00:00:00', '0000-00-00 00:00:00'),
(11, 5, '0000-00-00 00:00:00', '0000-00-00 00:00:00'),
(12, 5, '0000-00-00 00:00:00', '0000-00-00 00:00:00'),
(13, 5, '0000-00-00 00:00:00', '0000-00-00 00:00:00'),
(14, 5, '0000-00-00 00:00:00', '0000-00-00 00:00:00'),
(15, 5, '0000-00-00 00:00:00', '0000-00-00 00:00:00'),
(16, 5, '0000-00-00 00:00:00', '0000-00-00 00:00:00'),
(17, 5, '0000-00-00 00:00:00', '0000-00-00 00:00:00'),
(18, 5, '0000-00-00 00:00:00', '0000-00-00 00:00:00'),
(19, 5, '0000-00-00 00:00:00', '0000-00-00 00:00:00'),
(20, 5, '0000-00-00 00:00:00', '0000-00-00 00:00:00'),
(21, 5, '0000-00-00 00:00:00', '0000-00-00 00:00:00'),
(22, 5, '0000-00-00 00:00:00', '0000-00-00 00:00:00'),
(23, 5, '0000-00-00 00:00:00', '0000-00-00 00:00:00'),
(24, 5, '0000-00-00 00:00:00', '0000-00-00 00:00:00'),
(25, 5, '0000-00-00 00:00:00', '0000-00-00 00:00:00'),
(26, 5, '0000-00-00 00:00:00', '0000-00-00 00:00:00'),
(27, 5, '0000-00-00 00:00:00', '0000-00-00 00:00:00'),
(1, 14, '0000-00-00 00:00:00', '0000-00-00 00:00:00'),
(26, 14, '0000-00-00 00:00:00', '0000-00-00 00:00:00'),
(27, 14, '0000-00-00 00:00:00', '0000-00-00 00:00:00'),
(1, 20, '0000-00-00 00:00:00', '0000-00-00 00:00:00'),
(26, 20, '0000-00-00 00:00:00', '0000-00-00 00:00:00'),
(27, 20, '0000-00-00 00:00:00', '0000-00-00 00:00:00'),
(1, 16, '0000-00-00 00:00:00', '0000-00-00 00:00:00'),
(4, 16, '0000-00-00 00:00:00', '0000-00-00 00:00:00'),
(5, 16, '0000-00-00 00:00:00', '0000-00-00 00:00:00'),
(6, 16, '0000-00-00 00:00:00', '0000-00-00 00:00:00'),
(7, 16, '0000-00-00 00:00:00', '0000-00-00 00:00:00'),
(8, 16, '0000-00-00 00:00:00', '0000-00-00 00:00:00'),
(9, 16, '0000-00-00 00:00:00', '0000-00-00 00:00:00'),
(10, 16, '0000-00-00 00:00:00', '0000-00-00 00:00:00'),
(11, 16, '0000-00-00 00:00:00', '0000-00-00 00:00:00'),
(12, 16, '0000-00-00 00:00:00', '0000-00-00 00:00:00'),
(13, 16, '0000-00-00 00:00:00', '0000-00-00 00:00:00'),
(14, 16, '0000-00-00 00:00:00', '0000-00-00 00:00:00'),
(15, 16, '0000-00-00 00:00:00', '0000-00-00 00:00:00'),
(16, 16, '0000-00-00 00:00:00', '0000-00-00 00:00:00'),
(17, 16, '0000-00-00 00:00:00', '0000-00-00 00:00:00'),
(18, 16, '0000-00-00 00:00:00', '0000-00-00 00:00:00'),
(19, 16, '0000-00-00 00:00:00', '0000-00-00 00:00:00'),
(20, 16, '0000-00-00 00:00:00', '0000-00-00 00:00:00'),
(21, 16, '0000-00-00 00:00:00', '0000-00-00 00:00:00'),
(22, 16, '0000-00-00 00:00:00', '0000-00-00 00:00:00'),
(23, 16, '0000-00-00 00:00:00', '0000-00-00 00:00:00'),
(24, 16, '0000-00-00 00:00:00', '0000-00-00 00:00:00'),
(25, 16, '0000-00-00 00:00:00', '0000-00-00 00:00:00'),
(26, 16, '0000-00-00 00:00:00', '0000-00-00 00:00:00'),
(27, 16, '0000-00-00 00:00:00', '0000-00-00 00:00:00'),
(1, 13, '0000-00-00 00:00:00', '0000-00-00 00:00:00'),
(26, 13, '0000-00-00 00:00:00', '0000-00-00 00:00:00'),
(27, 13, '0000-00-00 00:00:00', '0000-00-00 00:00:00'),
(1, 15, '0000-00-00 00:00:00', '0000-00-00 00:00:00'),
(26, 15, '0000-00-00 00:00:00', '0000-00-00 00:00:00'),
(27, 15, '0000-00-00 00:00:00', '0000-00-00 00:00:00'),
(1, 19, '0000-00-00 00:00:00', '0000-00-00 00:00:00'),
(26, 19, '0000-00-00 00:00:00', '0000-00-00 00:00:00'),
(27, 19, '0000-00-00 00:00:00', '0000-00-00 00:00:00'),
(1, 3, '0000-00-00 00:00:00', '0000-00-00 00:00:00'),
(6, 3, '0000-00-00 00:00:00', '0000-00-00 00:00:00'),
(7, 3, '0000-00-00 00:00:00', '0000-00-00 00:00:00'),
(8, 3, '0000-00-00 00:00:00', '0000-00-00 00:00:00'),
(9, 3, '0000-00-00 00:00:00', '0000-00-00 00:00:00'),
(10, 3, '0000-00-00 00:00:00', '0000-00-00 00:00:00'),
(11, 3, '0000-00-00 00:00:00', '0000-00-00 00:00:00'),
(12, 3, '0000-00-00 00:00:00', '0000-00-00 00:00:00'),
(13, 3, '0000-00-00 00:00:00', '0000-00-00 00:00:00'),
(14, 3, '0000-00-00 00:00:00', '0000-00-00 00:00:00'),
(15, 3, '0000-00-00 00:00:00', '0000-00-00 00:00:00'),
(16, 3, '0000-00-00 00:00:00', '0000-00-00 00:00:00'),
(17, 3, '0000-00-00 00:00:00', '0000-00-00 00:00:00'),
(18, 3, '0000-00-00 00:00:00', '0000-00-00 00:00:00'),
(19, 3, '0000-00-00 00:00:00', '0000-00-00 00:00:00'),
(20, 3, '0000-00-00 00:00:00', '0000-00-00 00:00:00'),
(21, 3, '0000-00-00 00:00:00', '0000-00-00 00:00:00'),
(22, 3, '0000-00-00 00:00:00', '0000-00-00 00:00:00'),
(23, 3, '0000-00-00 00:00:00', '0000-00-00 00:00:00'),
(24, 3, '0000-00-00 00:00:00', '0000-00-00 00:00:00'),
(25, 3, '0000-00-00 00:00:00', '0000-00-00 00:00:00'),
(26, 3, '0000-00-00 00:00:00', '0000-00-00 00:00:00'),
(27, 3, '0000-00-00 00:00:00', '0000-00-00 00:00:00'),
(1, 12, '0000-00-00 00:00:00', '0000-00-00 00:00:00'),
(26, 12, '0000-00-00 00:00:00', '0000-00-00 00:00:00'),
(27, 12, '0000-00-00 00:00:00', '0000-00-00 00:00:00'),
(1, 17, '0000-00-00 00:00:00', '0000-00-00 00:00:00'),
(26, 17, '0000-00-00 00:00:00', '0000-00-00 00:00:00'),
(27, 17, '0000-00-00 00:00:00', '0000-00-00 00:00:00'),
(1, 8, '0000-00-00 00:00:00', '0000-00-00 00:00:00'),
(4, 8, '0000-00-00 00:00:00', '0000-00-00 00:00:00'),
(6, 8, '0000-00-00 00:00:00', '0000-00-00 00:00:00'),
(7, 8, '0000-00-00 00:00:00', '0000-00-00 00:00:00'),
(8, 8, '0000-00-00 00:00:00', '0000-00-00 00:00:00'),
(9, 8, '0000-00-00 00:00:00', '0000-00-00 00:00:00'),
(10, 8, '0000-00-00 00:00:00', '0000-00-00 00:00:00'),
(11, 8, '0000-00-00 00:00:00', '0000-00-00 00:00:00'),
(12, 8, '0000-00-00 00:00:00', '0000-00-00 00:00:00'),
(13, 8, '0000-00-00 00:00:00', '0000-00-00 00:00:00'),
(14, 8, '0000-00-00 00:00:00', '0000-00-00 00:00:00'),
(15, 8, '0000-00-00 00:00:00', '0000-00-00 00:00:00'),
(16, 8, '0000-00-00 00:00:00', '0000-00-00 00:00:00'),
(17, 8, '0000-00-00 00:00:00', '0000-00-00 00:00:00'),
(18, 8, '0000-00-00 00:00:00', '0000-00-00 00:00:00'),
(19, 8, '0000-00-00 00:00:00', '0000-00-00 00:00:00'),
(20, 8, '0000-00-00 00:00:00', '0000-00-00 00:00:00'),
(21, 8, '0000-00-00 00:00:00', '0000-00-00 00:00:00'),
(22, 8, '0000-00-00 00:00:00', '0000-00-00 00:00:00'),
(23, 8, '0000-00-00 00:00:00', '0000-00-00 00:00:00'),
(24, 8, '0000-00-00 00:00:00', '0000-00-00 00:00:00'),
(25, 8, '0000-00-00 00:00:00', '0000-00-00 00:00:00'),
(26, 8, '0000-00-00 00:00:00', '0000-00-00 00:00:00'),
(27, 8, '0000-00-00 00:00:00', '0000-00-00 00:00:00'),
(1, 10, '0000-00-00 00:00:00', '0000-00-00 00:00:00'),
(26, 10, '0000-00-00 00:00:00', '0000-00-00 00:00:00'),
(27, 10, '0000-00-00 00:00:00', '0000-00-00 00:00:00'),
(1, 21, '0000-00-00 00:00:00', '0000-00-00 00:00:00'),
(4, 21, '0000-00-00 00:00:00', '0000-00-00 00:00:00'),
(5, 21, '0000-00-00 00:00:00', '0000-00-00 00:00:00'),
(6, 21, '0000-00-00 00:00:00', '0000-00-00 00:00:00'),
(7, 21, '0000-00-00 00:00:00', '0000-00-00 00:00:00'),
(8, 21, '0000-00-00 00:00:00', '0000-00-00 00:00:00'),
(9, 21, '0000-00-00 00:00:00', '0000-00-00 00:00:00'),
(10, 21, '0000-00-00 00:00:00', '0000-00-00 00:00:00'),
(11, 21, '0000-00-00 00:00:00', '0000-00-00 00:00:00'),
(12, 21, '0000-00-00 00:00:00', '0000-00-00 00:00:00'),
(13, 21, '0000-00-00 00:00:00', '0000-00-00 00:00:00'),
(14, 21, '0000-00-00 00:00:00', '0000-00-00 00:00:00'),
(15, 21, '0000-00-00 00:00:00', '0000-00-00 00:00:00'),
(16, 21, '0000-00-00 00:00:00', '0000-00-00 00:00:00'),
(17, 21, '0000-00-00 00:00:00', '0000-00-00 00:00:00'),
(18, 21, '0000-00-00 00:00:00', '0000-00-00 00:00:00'),
(19, 21, '0000-00-00 00:00:00', '0000-00-00 00:00:00'),
(20, 21, '0000-00-00 00:00:00', '0000-00-00 00:00:00'),
(21, 21, '0000-00-00 00:00:00', '0000-00-00 00:00:00'),
(22, 21, '0000-00-00 00:00:00', '0000-00-00 00:00:00'),
(23, 21, '0000-00-00 00:00:00', '0000-00-00 00:00:00'),
(24, 21, '0000-00-00 00:00:00', '0000-00-00 00:00:00'),
(25, 21, '0000-00-00 00:00:00', '0000-00-00 00:00:00'),
(26, 21, '0000-00-00 00:00:00', '0000-00-00 00:00:00'),
(27, 21, '0000-00-00 00:00:00', '0000-00-00 00:00:00');

-- --------------------------------------------------------

--
-- Table structure for table `vineyards`
--

CREATE TABLE IF NOT EXISTS `vineyards` (
  `id` int(10) unsigned NOT NULL,
  `user_id` int(10) unsigned DEFAULT NULL,
  `name` varchar(255) COLLATE utf8_unicode_ci NOT NULL,
  `notes` text COLLATE utf8_unicode_ci,
  `grapes` text COLLATE utf8_unicode_ci,
  `city` varchar(255) COLLATE utf8_unicode_ci DEFAULT NULL,
  `region` varchar(255) COLLATE utf8_unicode_ci DEFAULT NULL,
  `country` varchar(255) COLLATE utf8_unicode_ci DEFAULT NULL,
  `lat` double(12,8) NOT NULL,
  `lng` double(12,8) NOT NULL,
  `confirmed` tinyint(1) NOT NULL DEFAULT '0',
  `created_at` timestamp NOT NULL DEFAULT '0000-00-00 00:00:00',
  `updated_at` timestamp NOT NULL DEFAULT '0000-00-00 00:00:00'
) ENGINE=InnoDB AUTO_INCREMENT=25 DEFAULT CHARSET=utf8 COLLATE=utf8_unicode_ci;

--
-- Dumping data for table `vineyards`
--

INSERT INTO `vineyards` (`id`, `user_id`, `name`, `notes`, `grapes`, `city`, `region`, `country`, `lat`, `lng`, `confirmed`, `created_at`, `updated_at`) VALUES
(2, 3, 'Vina Real', '', '', 'Alava', 'Álava', 'Spain', 42.90999890, -2.69838680, 1, '2016-03-14 04:55:18', '2016-04-05 03:05:23'),
(3, 3, 'Mas D En Gil', '', '', 'Carretera de Falset a Bellmunt del Priorat', '', 'Spain', 41.16405730, 0.70681590, 1, '2016-03-18 23:04:11', '2016-03-21 00:05:08'),
(4, 3, 'Stapleton & Springer', '', '', 'Bořetice', 'Morava', 'Czech Republic', 48.91302430, 16.85306800, 1, '2016-03-20 23:43:48', '2016-03-20 23:43:48'),
(5, 3, 'Misiones de Rengo', '', '', 'Penalolen', 'Región Metropolitana', 'Chile', -33.48825490, -70.55244830, 1, '2016-04-05 03:01:44', '2016-04-05 03:01:44'),
(6, 3, 'Faustino', '', '', 'Oion', 'Álava', 'Spain', 42.50067190, -2.43570910, 1, '2016-04-08 01:57:43', '2016-04-08 01:57:43'),
(7, 3, 'R. Lopez de Heredia Vina', '', '', 'Haro', 'La Rioja', 'Spain', 42.58458191, -2.84804152, 1, '2016-04-12 02:05:41', '2016-04-12 02:10:09'),
(8, 3, 'Bodegas Muga', '', '', 'Haro', '', 'Spain', 42.58293820, -2.84672490, 1, '2016-04-12 02:06:40', '2016-04-12 02:06:40'),
(9, 3, 'Cvne', '', '', 'Haro', '', 'Spain', 42.58168407, -2.84893513, 1, '2016-04-12 02:11:38', '2016-04-12 02:11:38'),
(11, 5, 'Iscay', '', 'Malbec Cabernet Franc', 'Maipú', 'Mendoza', 'Argentina', -32.97194400, -68.74622400, 1, '2016-04-14 02:35:39', '2016-04-14 02:35:39'),
(12, 5, 'Portes du Castelas', '', '', 'Châteauneuf-du-Pape', 'Provence-Alpes-Côte d''Azur', 'France', 44.05655600, 4.83128100, 1, '2016-04-14 02:38:54', '2016-04-14 02:38:54'),
(13, 3, 'Colome', '', '', 'Salta', 'Salta', 'Argentina', -24.78212690, -65.42319760, 1, '2016-04-14 22:50:55', '2016-04-14 22:53:10'),
(14, 3, 'Fontodi', '', '', 'Greve in Chianti', '', 'Italy', 43.58306440, 11.31868150, 1, '2016-04-14 22:56:20', '2016-04-14 22:56:20'),
(15, 3, 'Robert Sinskey Vineyards', '', '', 'Napa', 'California', 'United States', 38.42540080, -122.33698400, 1, '2016-04-14 23:01:16', '2016-04-14 23:01:16'),
(16, 3, 'Duckhorn vineyards', '', '', 'Saint Helena', 'California', 'United States', 38.52947160, -122.49067890, 1, '2016-04-14 23:09:43', '2016-04-14 23:09:43'),
(17, 12, 'Carneros Creek', '', '', 'Healdsburg', 'California', 'United States', 38.61046580, -122.86916090, 1, '2016-04-21 02:22:48', '2016-04-21 02:22:48'),
(18, 5, 'Chateau de la Riviere', '', '', 'Fronsac', '', '', 44.92431800, -0.27126290, 1, '2016-04-21 02:29:24', '2016-04-21 02:33:32'),
(19, 12, 'Muriel', '', '', 'Paganos', 'Álava', 'Spain', 42.51509570, -2.61614760, 1, '2016-04-21 02:45:04', '2016-04-21 02:45:04'),
(20, 12, 'Ca'' Bianca', '', '', 'Alice bel Colle', '', 'Italy', 44.72611740, 8.44974780, 1, '2016-04-21 11:44:07', '2016-04-21 11:46:04'),
(21, 12, 'Chateau de Bregancon', '', '', 'Bormes-les-Mimosas', '', 'France', 43.11474700, 6.31022300, 1, '2016-04-22 02:49:38', '2016-04-22 02:49:38'),
(22, 3, 'Humberto Canale', '', '', 'General Roca', '', 'Argentina', -39.06870960, -67.64096010, 1, '2016-04-23 22:33:46', '2016-04-23 22:33:46'),
(23, 27, 'Bierzo', 'Test Vineyard', 'Mencia', 'Ponferrada', 'Castile and León', 'Spain', 42.54999580, -6.59825900, 1, '2017-01-24 12:14:02', '2017-01-24 12:14:02'),
(24, 27, 'dsff', 'dsfasf', 'sdf', 'Madrid', '', 'Spain', 0.00000000, -3.60117270, 1, '2017-01-24 12:56:13', '2017-01-24 12:56:13');

-- --------------------------------------------------------

--
-- Table structure for table `wines`
--

CREATE TABLE IF NOT EXISTS `wines` (
  `id` int(10) unsigned NOT NULL,
  `vineyard_id` int(10) unsigned DEFAULT NULL,
  `user_id` int(10) unsigned DEFAULT NULL,
  `name` varchar(255) COLLATE utf8_unicode_ci NOT NULL,
  `year` varchar(255) COLLATE utf8_unicode_ci DEFAULT NULL,
  `grapes` text COLLATE utf8_unicode_ci,
  `vintage` text COLLATE utf8_unicode_ci,
  `confirmed` tinyint(1) NOT NULL DEFAULT '0',
  `created_at` timestamp NOT NULL DEFAULT '0000-00-00 00:00:00',
  `updated_at` timestamp NOT NULL DEFAULT '0000-00-00 00:00:00'
) ENGINE=InnoDB AUTO_INCREMENT=22 DEFAULT CHARSET=utf8 COLLATE=utf8_unicode_ci;

--
-- Dumping data for table `wines`
--

INSERT INTO `wines` (`id`, `vineyard_id`, `user_id`, `name`, `year`, `grapes`, `vintage`, `confirmed`, `created_at`, `updated_at`) VALUES
(3, 2, 3, 'Rioja Gran Reserva', '2009', 'Tempranillo\r\nGraciano', '', 1, '2016-03-14 04:53:45', '2016-04-12 02:21:56'),
(4, 4, 3, 'Rouci', '2012', 'Pinot Noir', NULL, 1, '2016-03-21 00:10:17', '2016-03-21 00:10:17'),
(5, 3, 3, 'Coma Vella Priorat', '2007', 'Shiraz\r\nCabernet Sauvignon\r\nGrenache Noir\r\nMerlot\r\nCarinena\r\nGarnacha\r\nGarnacha Peluda', '', 1, '2016-03-21 00:11:48', '2017-01-23 04:33:24'),
(7, 5, 3, 'Cabernet Sauvignon', '2014', 'Cabernet Sauvignon', '', 1, '2016-04-05 03:02:20', '2016-04-05 03:02:20'),
(8, 6, 3, 'Rioja Tempranillo VII', '2012', 'Tempranillo', '', 1, '2016-04-08 02:00:50', '2016-04-08 02:00:50'),
(10, 13, 3, 'Salta Malbec Vinho Tinto', '2013', 'Malbec', '', 1, '2016-04-14 22:51:40', '2016-04-14 22:51:40'),
(11, 14, 3, 'Chianti Classico', '2012', 'Sangiovese', '', 1, '2016-04-14 22:56:52', '2016-04-14 22:56:52'),
(12, 2, 3, 'Rioja Reserva', '2009', 'Tempranillo', '', 1, '2016-04-14 22:58:20', '2016-04-14 22:58:20'),
(13, 15, 3, 'POV Red', '2010', 'Cabernet Sauvignon\r\nCabernet Franc\r\nMerlot', '', 1, '2016-04-14 23:01:52', '2016-04-14 23:01:52'),
(14, 16, 3, 'Decoy', '2013', 'Pinot Noir', '', 1, '2016-04-14 23:10:52', '2016-04-14 23:10:52'),
(15, 17, 12, 'Reserve', '2012', 'Pinot Noir', '', 1, '2016-04-21 02:24:45', '2016-04-21 02:24:45'),
(16, 18, 5, 'Les Sources Fronsac', '2011', 'Cabernet Sauvignon, Cabernet franc, merlot', '', 1, '2016-04-21 02:31:55', '2016-04-21 02:31:55'),
(17, 19, 12, 'Rioja reserva', '2010', 'Tempranillo', '', 1, '2016-04-21 02:45:52', '2016-04-21 02:45:52'),
(18, 20, 12, 'Cascina Polsino Supeiore Barbera d''Asti', '2011', 'Barbera', '', 1, '2016-04-21 11:45:38', '2016-04-21 11:45:38'),
(19, 21, 12, 'Reserve Du Chateau Cru Classe Cotes de Provence', '2010', 'Shiraz\r\nGrenache Noir\r\nCarignan\r\nCinsault', '', 1, '2016-04-22 02:50:45', '2016-04-22 02:50:45'),
(20, 22, 3, 'Gran Reserva', '2013', 'Malbec', '', 1, '2016-04-23 22:34:18', '2016-04-23 22:34:18'),
(21, 23, 27, 'Petalos', '2015', 'Mencia', '', 1, '2017-01-24 12:19:14', '2017-01-24 12:19:14');

--
-- Indexes for dumped tables
--

--
-- Indexes for table `options`
--
ALTER TABLE `options`
  ADD PRIMARY KEY (`id`), ADD KEY `options_user_id_index` (`user_id`);

--
-- Indexes for table `password_reminders`
--
ALTER TABLE `password_reminders`
  ADD KEY `password_reminders_email_index` (`email`), ADD KEY `password_reminders_token_index` (`token`);

--
-- Indexes for table `users`
--
ALTER TABLE `users`
  ADD PRIMARY KEY (`id`);

--
-- Indexes for table `user_wine`
--
ALTER TABLE `user_wine`
  ADD KEY `user_wine_user_id_index` (`user_id`), ADD KEY `user_wine_wine_id_index` (`wine_id`);

--
-- Indexes for table `vineyards`
--
ALTER TABLE `vineyards`
  ADD PRIMARY KEY (`id`), ADD KEY `vineyards_user_id_index` (`user_id`);

--
-- Indexes for table `wines`
--
ALTER TABLE `wines`
  ADD PRIMARY KEY (`id`), ADD KEY `wines_vineyard_id_index` (`vineyard_id`), ADD KEY `wines_user_id_index` (`user_id`);

--
-- AUTO_INCREMENT for dumped tables
--

--
-- AUTO_INCREMENT for table `options`
--
ALTER TABLE `options`
  MODIFY `id` int(10) unsigned NOT NULL AUTO_INCREMENT,AUTO_INCREMENT=28;
--
-- AUTO_INCREMENT for table `users`
--
ALTER TABLE `users`
  MODIFY `id` int(10) unsigned NOT NULL AUTO_INCREMENT,AUTO_INCREMENT=28;
--
-- AUTO_INCREMENT for table `vineyards`
--
ALTER TABLE `vineyards`
  MODIFY `id` int(10) unsigned NOT NULL AUTO_INCREMENT,AUTO_INCREMENT=25;
--
-- AUTO_INCREMENT for table `wines`
--
ALTER TABLE `wines`
  MODIFY `id` int(10) unsigned NOT NULL AUTO_INCREMENT,AUTO_INCREMENT=22;
--
-- Constraints for dumped tables
--

--
-- Constraints for table `options`
--
ALTER TABLE `options`
ADD CONSTRAINT `options_user_id_foreign` FOREIGN KEY (`user_id`) REFERENCES `users` (`id`) ON DELETE CASCADE;

--
-- Constraints for table `user_wine`
--
ALTER TABLE `user_wine`
ADD CONSTRAINT `user_wine_user_id_foreign` FOREIGN KEY (`user_id`) REFERENCES `users` (`id`) ON DELETE CASCADE,
ADD CONSTRAINT `user_wine_wine_id_foreign` FOREIGN KEY (`wine_id`) REFERENCES `wines` (`id`) ON DELETE CASCADE;

--
-- Constraints for table `vineyards`
--
ALTER TABLE `vineyards`
ADD CONSTRAINT `vineyards_user_id_foreign` FOREIGN KEY (`user_id`) REFERENCES `users` (`id`) ON DELETE SET NULL;

--
-- Constraints for table `wines`
--
ALTER TABLE `wines`
ADD CONSTRAINT `wines_user_id_foreign` FOREIGN KEY (`user_id`) REFERENCES `users` (`id`) ON DELETE SET NULL,
ADD CONSTRAINT `wines_vineyard_id_foreign` FOREIGN KEY (`vineyard_id`) REFERENCES `vineyards` (`id`) ON DELETE CASCADE;

/*!40101 SET CHARACTER_SET_CLIENT=@OLD_CHARACTER_SET_CLIENT */;
/*!40101 SET CHARACTER_SET_RESULTS=@OLD_CHARACTER_SET_RESULTS */;
/*!40101 SET COLLATION_CONNECTION=@OLD_COLLATION_CONNECTION */;
